year,raceId,race,n_constructors,fastest_team,slowest_team,gap_pct,gap_trimmed_pct
1996,224,Australian Grand Prix,10,Williams,Minardi,4.983890131769089,3.356846961603922
1996,225,Brazilian Grand Prix,11,Williams,Sauber,17.92708499392988,17.030669429899323
1996,226,Argentine Grand Prix,11,Benetton,Forti,5.792222607450818,3.927840470625077
1996,227,European Grand Prix,10,Williams,Minardi,3.6945540356181557,2.896894165652692
1996,228,San Marino Grand Prix,11,Williams,Forti,3.9300131562672185,3.038310600353083
1996,229,Monaco Grand Prix,9,Benetton,Jordan,12.055630538113961,9.506484361246406
1996,230,Spanish Grand Prix,9,Ferrari,Tyrrell,5.891941582872902,4.851350967142736
1996,231,Canadian Grand Prix,10,Williams,Forti,3.302163191562088,2.970115728307046
1996,232,French Grand Prix,10,Williams,Minardi,5.383538989950388,4.640630962981809
1996,233,British Grand Prix,9,Williams,Minardi,4.949153301675477,3.2759161365469045
1996,234,German Grand Prix,10,Williams,Footwork,4.880567865995643,4.835499136182679
1996,235,Hungarian Grand Prix,10,Williams,Minardi,6.1341190865618715,4.928021175383616
1996,236,Belgian Grand Prix,9,Benetton,Ligier,4.951046724508477,3.8923823927405876
1996,237,Italian Grand Prix,9,Ferrari,Tyrrell,3.332946231564278,2.9497154801997447
1996,238,Portuguese Grand Prix,10,Williams,Minardi,5.88973489556309,4.013369855079459
1996,239,Japanese Grand Prix,10,Williams,Minardi,4.97582730217314,3.3399652066933863
1997,207,Australian Grand Prix,10,Williams,Minardi,4.783352652205111,4.283269857040349
1997,208,Brazilian Grand Prix,10,Williams,Tyrrell,2.3942242687857953,1.9936987384721354
1997,209,Argentine Grand Prix,11,Benetton,Arrows,3.032472920289608,2.968822814016663
1997,210,San Marino Grand Prix,11,Williams,Minardi,4.703557774374204,3.1076451812793024
1997,211,Monaco Grand Prix,9,Ferrari,Minardi,2.458633014164056,2.2283016370295194
1997,212,Spanish Grand Prix,11,Jordan,Tyrrell,2.7662265022737773,2.396585686145765
1997,213,Canadian Grand Prix,11,McLaren,Minardi,3.863878947698876,3.5147862120926727
1997,214,French Grand Prix,11,Ferrari,Minardi,3.3679887049159287,3.2396354768322424
1997,215,British Grand Prix,11,Ferrari,Minardi,5.4749926013613495,4.2355726546315475
1997,216,German Grand Prix,11,Benetton,Minardi,4.174113686440277,3.654004368918267
1997,217,Hungarian Grand Prix,11,Williams,Tyrrell,4.090746695248303,3.8751084571020264
1997,218,Belgian Grand Prix,11,Williams,Tyrrell,3.750931743158343,2.6922940403932842
1997,219,Italian Grand Prix,11,McLaren,Minardi,5.079709461371569,3.7685124044901426
1997,220,Austrian Grand Prix,11,Williams,Minardi,3.5926142534881778,2.6373687581808563
1997,221,Luxembourg Grand Prix,9,Williams,Tyrrell,4.049235454603134,3.7916375864475604
1997,222,Japanese Grand Prix,10,Williams,Tyrrell,4.097349962604354,3.797174101999151
1997,223,European Grand Prix,11,Williams,Minardi,3.3824502315510916,2.7653816082275817
1998,191,Australian Grand Prix,10,McLaren,Tyrrell,7.056269026394178,5.26574212484588
1998,192,Brazilian Grand Prix,11,McLaren,Minardi,4.9863241614883345,4.901874283121368
1998,193,Argentine Grand Prix,11,Benetton,Arrows,4.921806779391919,3.2638156477165765
1998,194,San Marino Grand Prix,10,Ferrari,Minardi,4.586714421624041,3.4529072695730036
1998,195,Spanish Grand Prix,11,McLaren,Tyrrell,4.498368436665678,3.990507267873035
1998,196,Monaco Grand Prix,11,McLaren,Stewart,4.4473646139750205,4.289434344408545
1998,197,Canadian Grand Prix,9,Ferrari,Tyrrell,5.088247521384749,4.444500434623767
1998,198,French Grand Prix,11,McLaren,Minardi,5.624137352785625,5.13267030429679
1998,199,British Grand Prix,11,Ferrari,Minardi,8.412396556047813,6.940148792109003
1998,200,Austrian Grand Prix,10,McLaren,Tyrrell,4.421087296577842,3.884574219929197
1998,201,German Grand Prix,11,McLaren,Minardi,3.1173432847073013,2.622601681179087
1998,202,Hungarian Grand Prix,11,Ferrari,Minardi,5.407007542315163,5.225386575183513
1998,203,Belgian Grand Prix,9,Ferrari,Minardi,7.646688104972286,6.411292277362119
1998,204,Italian Grand Prix,11,McLaren,Minardi,4.64417012180082,3.202997451226817
1998,205,Luxembourg Grand Prix,11,McLaren,Minardi,4.442510876320696,3.855811062771908
1998,206,Japanese Grand Prix,10,Ferrari,Tyrrell,5.4726020560934225,4.747978840203613
1999,175,Australian Grand Prix,11,Ferrari,Minardi,5.385834636095188,3.3741532047941636
1999,176,Brazilian Grand Prix,11,McLaren,Arrows,4.0153987354680805,3.5399245359983684
1999,177,San Marino Grand Prix,11,Ferrari,Minardi,4.860695449874078,3.433204964595074
1999,178,Monaco Grand Prix,11,McLaren,Minardi,5.59817162863638,5.133784753036142
1999,179,Spanish Grand Prix,11,Ferrari,Minardi,5.471746958179379,2.8558988962368503
1999,180,Canadian Grand Prix,11,Ferrari,Minardi,3.117613396033938,2.9981836729616083
1999,181,French Grand Prix,11,McLaren,Minardi,4.565362818231159,4.175344263950421
1999,182,British Grand Prix,11,McLaren,Arrows,4.680157175372838,3.740275623096174
1999,183,Austrian Grand Prix,11,McLaren,Arrows,3.892825939229201,3.342255259544843
1999,184,German Grand Prix,10,McLaren,Arrows,4.764890282131661,4.392514486558373
1999,185,Hungarian Grand Prix,11,McLaren,Arrows,3.495706266496487,3.416399211886145
1999,186,Belgian Grand Prix,11,McLaren,Arrows,3.9708656925979553,3.2153042867798693
1999,187,Italian Grand Prix,10,Williams,Minardi,3.8969840731955268,3.4319167085383095
1999,188,European Grand Prix,11,McLaren,Arrows,4.3871951969685785,3.0265003321768655
1999,189,Malaysian Grand Prix,10,Ferrari,Arrows,3.6083656636779797,2.2170803953444302
1999,190,Japanese Grand Prix,11,Ferrari,Arrows,4.1818415104768105,3.9874061133647194
2000,158,Australian Grand Prix,9,Ferrari,Prost,2.8749139165509776,2.151266383183393
2000,159,Brazilian Grand Prix,9,Ferrari,Jaguar,3.9341850043475355,3.2359039529128486
2000,160,San Marino Grand Prix,11,McLaren,Minardi,4.053257515342741,3.2673393201807612
2000,161,British Grand Prix,11,McLaren,Arrows,3.073639769419024,2.714081909600195
2000,162,Spanish Grand Prix,11,McLaren,Arrows,3.175091748549781,2.596187995738132
2000,163,European Grand Prix,10,Ferrari,Sauber,2.524644762911911,2.125952667468913
2000,164,Monaco Grand Prix,11,McLaren,Arrows,3.573573941719484,3.408073947849113
2000,165,Canadian Grand Prix,11,McLaren,Prost,2.3276701792559047,2.079722703639515
2000,166,French Grand Prix,11,McLaren,Minardi,3.7003485197347725,2.825903697832132
2000,167,Austrian Grand Prix,10,McLaren,Minardi,2.5674602621790674,2.549350124681331
2000,168,German Grand Prix,11,Ferrari,Jaguar,2.906999041227229,2.8465963566634707
2000,169,Hungarian Grand Prix,11,McLaren,Prost,4.518418553506272,4.198530514319988
2000,170,Belgian Grand Prix,11,Ferrari,Minardi,3.038584220099646,2.607136894457967
2000,171,Italian Grand Prix,9,McLaren,Minardi,2.9627898825865997,2.784041123897424
2000,172,United States Grand Prix,11,McLaren,Arrows,2.0626146082906134,1.824363212913761
2000,173,Japanese Grand Prix,11,McLaren,Minardi,3.655647299599754,3.253384951960399
2000,174,Malaysian Grand Prix,11,McLaren,Minardi,3.4350486589610627,3.23310635966025
2001,141,Australian Grand Prix,11,Ferrari,Minardi,4.340580860180924,4.292969369941279
2001,142,Malaysian Grand Prix,9,McLaren,Minardi,4.578950496226303,3.8915631623779245
2001,143,Brazilian Grand Prix,11,Williams,Minardi,5.338670682890095,4.203823339014176
2001,144,San Marino Grand Prix,11,Williams,Minardi,7.1874561526589025,4.176605397315374
2001,145,Spanish Grand Prix,11,Ferrari,Benetton,5.110226614582691,4.031989747507732
2001,146,Austrian Grand Prix,10,McLaren,Minardi,5.066132151376989,3.747723840040653
2001,147,Monaco Grand Prix,11,McLaren,Minardi,4.447018533440773,2.9059226430298146
2001,148,Canadian Grand Prix,10,Williams,Minardi,6.614856550741532,3.3378667184767825
2001,149,European Grand Prix,11,Williams,Arrows,3.5735252826913753,3.2965770732827933
2001,150,French Grand Prix,11,McLaren,Minardi,4.088686783724109,3.38292503417096
2001,151,British Grand Prix,11,McLaren,Minardi,4.419399316587734,4.068101432767819
2001,152,German Grand Prix,9,Williams,Minardi,4.0271884331290275,2.821978626434072
2001,153,Hungarian Grand Prix,11,McLaren,Minardi,6.0685843879931705,4.793868852886358
2001,154,Belgian Grand Prix,9,Ferrari,Minardi,6.128027114196687,3.9514203976019973
2001,155,Italian Grand Prix,11,Williams,Arrows,3.3759242062699095,3.098515392662772
2001,156,United States Grand Prix,11,Williams,Minardi,3.016870836019772,2.1760154738878144
2001,157,Japanese Grand Prix,11,Williams,Arrows,4.655261793675479,2.80248833592535
2002,124,Australian Grand Prix,8,McLaren,BAR,5.645971922612123,5.639195401000666
2002,125,Malaysian Grand Prix,11,Williams,Minardi,5.177003335067161,4.410039878020173
2002,126,Brazilian Grand Prix,11,Williams,Minardi,3.032374242563651,2.2384626506657552
2002,127,San Marino Grand Prix,11,Ferrari,Jordan,5.430676012831175,5.096827848402043
2002,128,Spanish Grand Prix,9,Ferrari,Jaguar,4.768838280131915,3.07634870263207
2002,129,Austrian Grand Prix,11,Ferrari,Jaguar,4.767814366936997,4.158850183266472
2002,130,Monaco Grand Prix,11,Ferrari,BAR,4.989554362175256,3.7553029234969175
2002,131,Canadian Grand Prix,11,Williams,Arrows,2.543443917851501,2.439441811479726
2002,132,European Grand Prix,11,Ferrari,Minardi,3.9620063756424435,3.7061132435538786
2002,133,British Grand Prix,9,Ferrari,Arrows,5.109348482842459,3.6000144433879373
2002,134,French Grand Prix,10,McLaren,Jordan,3.357985208874675,2.9982010793523886
2002,135,German Grand Prix,11,Ferrari,Minardi,3.953597865606445,3.429154351180979
2002,136,Hungarian Grand Prix,10,Ferrari,Toyota,4.2004015379164645,4.120356397706248
2002,137,Belgian Grand Prix,9,Ferrari,Jordan,3.461595879674554,3.411211465253415
2002,138,Italian Grand Prix,10,Ferrari,Minardi,4.1203963804583,2.7660566360256764
2002,139,United States Grand Prix,10,Ferrari,Minardi,3.586845940223817,2.6588578184717755
2002,140,Japanese Grand Prix,10,Ferrari,Minardi,4.272561768530559,2.623667100130039
2003,108,Australian Grand Prix,10,McLaren,Minardi,4.629291869955771,2.2456796315717478
2003,109,Malaysian Grand Prix,10,Ferrari,Minardi,3.376135750736423,3.374061320167614
2003,110,Brazilian Grand Prix,10,Ferrari,Minardi,7.287400039009167,6.1536961185878685
2003,111,San Marino Grand Prix,10,Ferrari,Minardi,4.682935108072396,2.8887999903019725
2003,112,Spanish Grand Prix,9,Ferrari,Minardi,3.4925071434810278,3.2142545200454187
2003,113,Austrian Grand Prix,10,Ferrari,Minardi,4.287574813058812,3.397866455946266
2003,114,Monaco Grand Prix,10,McLaren,Minardi,6.172110805553692,4.640150244818566
2003,115,Canadian Grand Prix,10,Renault,Minardi,2.6288795370857443,2.297475013150973
2003,116,European Grand Prix,10,McLaren,Minardi,4.413685881171657,2.197125921767202
2003,117,French Grand Prix,10,Williams,Jordan,4.742292615743193,4.293357347176608
2003,118,British Grand Prix,10,Ferrari,Minardi,4.405613113478282,3.1458242132399437
2003,119,German Grand Prix,10,Williams,Minardi,7.013094491236969,4.308768370329831
2003,120,Hungarian Grand Prix,10,Williams,Minardi,5.437602777270236,3.63724952798587
2003,121,Italian Grand Prix,10,Ferrari,Minardi,4.868511095903803,4.033874279010656
2003,122,United States Grand Prix,10,Ferrari,Minardi,4.566759475606173,3.017922851986065
2003,123,Japanese Grand Prix,10,Williams,Minardi,4.7758221993833505,2.5865022267899964
2004,90,Australian Grand Prix,10,Ferrari,Minardi,7.175037147102526,4.376820208023775
2004,91,Malaysian Grand Prix,10,Williams,Minardi,6.036742621228362,3.4068115003767656
2004,92,Bahrain Grand Prix,10,Ferrari,Minardi,4.7677613792492135,3.3594823383415324
2004,93,San Marino Grand Prix,10,Ferrari,Minardi,7.04381241372449,3.6935245177898546
2004,94,Spanish Grand Prix,10,Ferrari,Minardi,6.291801162040026,2.145900581020013
2004,95,Monaco Grand Prix,9,Ferrari,Minardi,9.609210225822485,5.135748733862626
2004,96,European Grand Prix,10,Ferrari,Minardi,5.809898511199535,3.395627486922699
2004,97,Canadian Grand Prix,10,Ferrari,Minardi,5.2891798647143515,3.0806009073374807
2004,98,United States Grand Prix,10,Ferrari,Minardi,5.252915524368244,3.8295998522706287
2004,99,French Grand Prix,10,Ferrari,Minardi,4.716292768351089,3.003568727861284
2004,100,British Grand Prix,10,Ferrari,Minardi,7.0574937451580535,3.7859256531071006
2004,101,German Grand Prix,10,McLaren,Minardi,6.223908918406072,3.087557603686636
2004,102,Hungarian Grand Prix,10,Ferrari,Minardi,6.993714509744407,3.094687053407697
2004,103,Belgian Grand Prix,10,McLaren,Minardi,5.6351562202686765,5.102370894698786
2004,104,Italian Grand Prix,10,Ferrari,Minardi,6.551834760506379,3.7201095674061646
2004,105,Chinese Grand Prix,10,Ferrari,Minardi,5.571456449619463,2.87842320952319
2004,106,Japanese Grand Prix,10,Ferrari,Minardi,7.141162514827995,3.0130486358244366
2004,107,Brazilian Grand Prix,10,Williams,Minardi,4.575154254053978,3.4026835308438153
2005,71,Australian Grand Prix,10,Renault,Minardi,8.366887247178553,2.669140903096297
2005,72,Malaysian Grand Prix,9,McLaren,Minardi,7.312296429730947,4.555784799388372
2005,73,Bahrain Grand Prix,10,McLaren,Minardi,5.4512449834330265,4.6988966286482885
2005,74,San Marino Grand Prix,10,Ferrari,Minardi,6.794693249285348,2.7315595299176625
2005,75,Spanish Grand Prix,9,Renault,Minardi,5.926679975145754,4.438069301040441
2005,76,Monaco Grand Prix,9,Ferrari,Jordan,6.4673927375332925,4.21270536114554
2005,77,European Grand Prix,10,Renault,Minardi,4.780015654110306,2.845299908500623
2005,78,Canadian Grand Prix,10,McLaren,Minardi,5.482361798236179,3.5370509787050977
2005,80,French Grand Prix,10,McLaren,Minardi,6.089789722989153,4.685762139669994
2005,81,British Grand Prix,10,McLaren,Minardi,7.055725323594445,4.652058333954436
2005,82,German Grand Prix,10,McLaren,Minardi,4.744033229602127,4.3179784434976565
2005,83,Hungarian Grand Prix,9,McLaren,Minardi,5.45069503441313,3.9732082394513597
2005,84,Turkish Grand Prix,10,McLaren,Minardi,5.2601156069364166,5.031261059337029
2005,85,Italian Grand Prix,10,McLaren,Minardi,4.247644287396938,4.056242638398116
2005,86,Belgian Grand Prix,10,Toyota,Minardi,8.698733995495859,4.197284954195939
2005,87,Brazilian Grand Prix,10,McLaren,Minardi,4.509603143853434,3.650301654951016
2005,88,Japanese Grand Prix,10,McLaren,Minardi,4.914791348044571,4.2800961328381035
2005,89,Chinese Grand Prix,10,McLaren,Minardi,3.9166899036914695,3.5616996632418867
2006,53,Bahrain Grand Prix,11,Williams,Super Aguri,5.081811098606181,3.8221798978443426
2006,54,Malaysian Grand Prix,10,Renault,Super Aguri,5.691803002014704,3.5811103024165902
2006,55,Australian Grand Prix,11,McLaren,Super Aguri,5.2635248997617525,3.710848974373874
2006,56,San Marino Grand Prix,11,Renault,Super Aguri,5.3577552058082745,3.0637704123260296
2006,57,European Grand Prix,11,Ferrari,Super Aguri,5.002225865644578,3.614588649171001
2006,58,Spanish Grand Prix,11,Ferrari,Super Aguri,4.909456215426364,3.414309571025989
2006,59,Monaco Grand Prix,11,Ferrari,Super Aguri,4.857405214058528,3.6011338381485967
2006,60,British Grand Prix,11,Renault,Super Aguri,6.030711160675989,3.2132746724837316
2006,61,Canadian Grand Prix,11,McLaren,Super Aguri,6.129929721390805,4.548990651494575
2006,62,United States Grand Prix,9,Ferrari,MF1,2.7668147251749886,2.765439568750945
2006,63,French Grand Prix,11,Ferrari,Super Aguri,3.8930891831256242,2.9113874803854185
2006,64,German Grand Prix,11,Ferrari,Super Aguri,4.002252576712023,3.335647026467776
2006,65,Hungarian Grand Prix,10,Ferrari,Super Aguri,8.909670003352652,7.054935581205997
2006,66,Turkish Grand Prix,11,Ferrari,Super Aguri,4.328163172547014,2.724845179251179
2006,67,Italian Grand Prix,11,McLaren,Super Aguri,3.7754817766688067,2.7410700226504683
2006,68,Chinese Grand Prix,11,Renault,Spyker MF1,3.9934006927223167,3.3508904965876254
2006,69,Japanese Grand Prix,11,Renault,Spyker MF1,2.7882083818895937,2.5961413958306356
2006,70,Brazilian Grand Prix,9,Ferrari,Spyker MF1,3.115212992987999,2.7091821180122504
2007,36,Australian Grand Prix,11,Ferrari,Spyker,4.0499794685281865,3.8153340763770753
2007,37,Malaysian Grand Prix,10,McLaren,Honda,1.9286253503066153,1.8562372674532839
2007,38,Bahrain Grand Prix,11,Ferrari,Spyker,2.8756099375976696,2.172919302199496
2007,39,Spanish Grand Prix,11,Ferrari,Toro Rosso,3.056361877116594,3.037010159651669
2007,40,Monaco Grand Prix,11,McLaren,Spyker,3.1799585569310875,2.586206896551724
2007,41,Canadian Grand Prix,11,McLaren,Toro Rosso,3.9388741210208598,3.7804287192111774
2007,42,United States Grand Prix,11,Ferrari,Toro Rosso,2.7011502113051686,2.381115198927746
2007,43,French Grand Prix,11,Ferrari,Spyker,2.6176428073956295,2.411332606210331
2007,44,British Grand Prix,11,Ferrari,Spyker,4.65289317691411,3.6360028770554824
2007,45,European Grand Prix,9,Ferrari,Honda,2.992902760276997,2.6159628660355616
2007,46,Hungarian Grand Prix,11,Ferrari,Spyker,2.7683735805214438,2.444813671967719
2007,47,Turkish Grand Prix,11,Ferrari,Spyker,3.8054871413024802,2.706913339824732
2007,48,Italian Grand Prix,11,McLaren,Spyker,3.0239770245321043,2.94674856101652
2007,49,Belgian Grand Prix,11,Ferrari,Spyker,2.6528194305601835,2.6380095523714315
2007,50,Japanese Grand Prix,11,McLaren,Spyker,4.193076548025354,3.757667842118989
2007,51,Chinese Grand Prix,11,Ferrari,Spyker,3.396474233997578,2.741806390707411
2007,52,Brazilian Grand Prix,11,Ferrari,Spyker,3.8056456622265165,3.3763544758092348
2008,18,Australian Grand Prix,10,McLaren,Super Aguri,3.9740099293051774,2.4205541192889335
2008,19,Malaysian Grand Prix,11,BMW Sauber,Super Aguri,2.9412998343225047,1.673552419101147
2008,20,Bahrain Grand Prix,11,McLaren,Toro Rosso,2.296309808676617,2.2866524309765754
2008,21,Spanish Grand Prix,10,Ferrari,Super Aguri,3.6084241459532262,2.1660340394269624
2008,22,Turkish Grand Prix,10,Ferrari,Force India,2.628719395186461,1.9351258872216957
2008,23,Monaco Grand Prix,10,Ferrari,Force India,6.976228663824016,4.200080846014422
2008,24,Canadian Grand Prix,10,Ferrari,Force India,2.1696150516236576,1.9163425381524029
2008,25,French Grand Prix,10,Ferrari,Force India,2.390708599765105,1.85828004697899
2008,26,British Grand Prix,10,Ferrari,Force India,3.016820401519262,2.3081931633206727
2008,27,German Grand Prix,10,BMW Sauber,Force India,2.5030597339018517,2.170108044797136
2008,28,Hungarian Grand Prix,10,Ferrari,Toro Rosso,2.493995935710327,1.7808978385368557
2008,29,European Grand Prix,10,Ferrari,Honda,1.9096729748348664,1.666531588118491
2008,30,Belgian Grand Prix,10,Ferrari,Honda,2.5396090058371166,2.5257111090521636
2008,31,Italian Grand Prix,10,Ferrari,Force India,6.145581337240338,2.2397128806205777
2008,32,Singapore Grand Prix,10,Ferrari,Force India,3.3163192833265467,2.394909042699268
2008,33,Japanese Grand Prix,10,Ferrari,Force India,3.523066330043608,2.7401627011450285
2008,34,Chinese Grand Prix,10,McLaren,Force India,2.12509732675837,1.5032442252790035
2008,35,Brazilian Grand Prix,10,Ferrari,Force India,2.0017359227514375,1.7589779754800912
2009,1,Australian Grand Prix,10,Williams,Toro Rosso,1.7376234237110346,1.4981871251681755
2009,2,Malaysian Grand Prix,10,Brawn,Force India,2.8621392576649662,2.586893761447005
2009,3,Chinese Grand Prix,10,Brawn,Ferrari,2.490407844251812,1.9406352138695466
2009,4,Bahrain Grand Prix,10,Toyota,Force India,1.7587461398536317,1.3325436778205508
2009,5,Spanish Grand Prix,9,Brawn,Toyota,1.6577656412363162,1.3484449384983446
2009,6,Monaco Grand Prix,10,Ferrari,BMW Sauber,1.4822896984857759,1.4516858716768235
2009,7,Turkish Grand Prix,10,Brawn,Force India,1.8417657200927162,1.1932084175430182
2009,8,British Grand Prix,10,Red Bull,Toro Rosso,2.1440515265993683,2.0845977580974795
2009,9,German Grand Prix,10,Renault,Toro Rosso,3.121083917956408,2.144272478980346
2009,10,Hungarian Grand Prix,10,Red Bull,Renault,1.8149418413054887,1.578157229864154
2009,11,European Grand Prix,10,Toyota,Toro Rosso,2.2820546598704943,0.9515316721218446
2009,12,Belgian Grand Prix,10,Red Bull,Renault,1.278166749018767,1.011532401666931
2009,13,Italian Grand Prix,9,Force India,Williams,1.3712694273002985,1.1340704988258064
2009,14,Singapore Grand Prix,10,Renault,Toro Rosso,2.2135994087213597,1.4892830746489283
2009,15,Japanese Grand Prix,10,Red Bull,Toro Rosso,1.5988073761194352,1.4875390249435556
2009,16,Brazilian Grand Prix,10,Red Bull,Force India,1.7047997504509513,1.4321945397583171
2009,17,Abu Dhabi Grand Prix,10,Red Bull,Force India,0.6232611015267404,0.5624308180177305
2010,337,Bahrain Grand Prix,10,Ferrari,Lotus,3.731601951186521,2.8430850389307363
2010,338,Australian Grand Prix,12,Red Bull,HRT,7.568075329907875,6.645691391837751
2010,339,Malaysian Grand Prix,11,Red Bull,HRT,7.970820368042533,6.3572856348012445
2010,340,Chinese Grand Prix,10,McLaren,HRT,6.0307071261304515,4.977415467220584
2010,341,Spanish Grand Prix,12,McLaren,HRT,9.108906196284837,6.423888948160793
2010,342,Monaco Grand Prix,12,Red Bull,Virgin,7.424992020427705,5.799819129694648
2010,343,Turkish Grand Prix,12,Renault,Lotus,5.8296416755453375,5.69954578590254
2010,344,Canadian Grand Prix,12,Renault,HRT,6.381541339707946,6.102218988723172
2010,345,European Grand Prix,12,McLaren,HRT,4.212988275317417,3.5973918149970636
2010,346,British Grand Prix,12,Ferrari,HRT,8.181658120034333,6.097453617096199
2010,347,German Grand Prix,12,Red Bull,HRT,6.643015404093691,6.383203207427727
2010,348,Hungarian Grand Prix,12,Red Bull,HRT,6.958306014909788,6.152108982297661
2010,349,Belgian Grand Prix,12,McLaren,HRT,5.881597887575754,5.683558114588013
2010,350,Italian Grand Prix,12,Ferrari,HRT,5.628780945815852,4.377280452584414
2010,351,Singapore Grand Prix,12,Ferrari,HRT,9.066829665851671,4.700118544861821
2010,352,Japanese Grand Prix,11,Red Bull,Virgin,6.781564927145516,6.774076213706485
2010,353,Korean Grand Prix,12,Ferrari,HRT,7.306565569533,7.115194500122441
2010,354,Brazilian Grand Prix,12,McLaren,HRT,5.198304694587751,4.481997535578395
2010,355,Abu Dhabi Grand Prix,12,McLaren,HRT,4.918340344017221,4.790963129727275
2011,841,Australian Grand Prix,11,Ferrari,Virgin,6.2689017055100225,5.122151393526482
2011,842,Malaysian Grand Prix,12,Red Bull,HRT,5.9162183929761065,4.916924361893588
2011,843,Chinese Grand Prix,12,Red Bull,Virgin,5.442809087511238,4.435667168385644
2011,844,Turkish Grand Prix,12,Red Bull,Virgin,5.872713287181031,4.732283201230728
2011,845,Spanish Grand Prix,12,McLaren,HRT,7.0577790076908,5.6591372928845685
2011,846,Monaco Grand Prix,12,Red Bull,HRT,6.994254532098538,6.764698166172574
2011,847,Canadian Grand Prix,12,McLaren,HRT,8.00457404230989,7.197619418888715
2011,848,European Grand Prix,12,Red Bull,HRT,5.464792051211562,4.689156815771904
2011,849,British Grand Prix,11,Ferrari,HRT,6.13121178700303,5.229625981090255
2011,850,German Grand Prix,12,McLaren,HRT,6.5608364615808785,5.816419588131747
2011,851,Hungarian Grand Prix,12,Ferrari,HRT,6.546784151531499,5.522987472277168
2011,852,Belgian Grand Prix,11,Red Bull,HRT,7.4424615272608134,5.857138956890511
2011,853,Italian Grand Prix,12,McLaren,HRT,6.7597201434090985,5.332590761947857
2011,854,Singapore Grand Prix,12,McLaren,Virgin,9.474984786176629,9.062828480277352
2011,855,Japanese Grand Prix,12,McLaren,Virgin,5.318532018888244,5.042042912766134
2011,856,Korean Grand Prix,12,Red Bull,HRT,5.285879222930576,4.950554691029566
2011,857,Indian Grand Prix,12,Red Bull,Virgin,5.433873167600775,5.071691366090156
2011,858,Abu Dhabi Grand Prix,12,Red Bull,HRT,5.5178731532374385,5.333684169492847
2011,859,Brazilian Grand Prix,12,Red Bull,Virgin,6.077744145292337,5.7418618235887635
2012,860,Australian Grand Prix,11,McLaren,Marussia,5.680200029152231,4.515232040544025
2012,861,Malaysian Grand Prix,12,Lotus F1,HRT,5.149818311788884,4.006076130338953
2012,862,Chinese Grand Prix,12,Sauber,HRT,3.6514605842336936,2.662064825930372
2012,863,Bahrain Grand Prix,12,Red Bull,Marussia,4.092177756565227,3.4945371917118875
2012,864,Spanish Grand Prix,12,Lotus F1,HRT,5.184927536231884,3.882898550724638
2012,865,Monaco Grand Prix,12,Sauber,HRT,3.868246739805423,2.985924239287932
2012,866,Canadian Grand Prix,12,Red Bull,HRT,7.634121871369733,6.442074136656458
2012,867,European Grand Prix,12,Mercedes,Marussia,4.441921243503029,4.1355480947113925
2012,868,British Grand Prix,12,Sauber,HRT,3.943641129714189,2.974378488077118
2012,869,German Grand Prix,12,Mercedes,HRT,3.890758971101937,3.8463004128294696
2012,870,Hungarian Grand Prix,12,Red Bull,HRT,5.501806598839973,5.123847104687648
2012,871,Belgian Grand Prix,12,Williams,HRT,3.982379323181649,3.6641789721862756
2012,872,Italian Grand Prix,12,Mercedes,HRT,3.6210868992079233,2.881738671924254
2012,873,Singapore Grand Prix,12,Force India,HRT,5.978402817180478,4.524780920987454
2012,874,Japanese Grand Prix,12,Red Bull,HRT,3.7348340885835403,3.1135798859815815
2012,875,Korean Grand Prix,12,Red Bull,HRT,4.930564403108677,2.8597469545361
2012,876,Indian Grand Prix,12,McLaren,HRT,4.487375712844234,3.5860458261056882
2012,877,Abu Dhabi Grand Prix,12,Red Bull,HRT,4.477511446269863,3.556038628756108
2012,878,United States Grand Prix,12,Red Bull,HRT,5.194922846185592,3.4998540469264294
2012,879,Brazilian Grand Prix,11,McLaren,HRT,3.863249177010081,2.6758380407075792
2013,880,Australian Grand Prix,11,Lotus F1,Caterham,3.345878979322087,2.398234648385868
2013,881,Malaysian Grand Prix,11,McLaren,Caterham,3.7732235203983913,3.621004243994395
2013,882,Chinese Grand Prix,11,Red Bull,Caterham,5.360094207090323,4.884926865548302
2013,883,Bahrain Grand Prix,11,Red Bull,Toro Rosso,2.7000546611524223,2.4473757490124894
2013,884,Spanish Grand Prix,11,Sauber,Caterham,3.647772481065219,2.1643063432965657
2013,885,Monaco Grand Prix,11,Red Bull,Williams,5.620486569074265,5.115112892905181
2013,886,Canadian Grand Prix,11,Red Bull,Caterham,4.197842009923604,3.7725446955973854
2013,887,British Grand Prix,11,Red Bull,Marussia,4.900375798974315,3.9507071658761683
2013,888,German Grand Prix,11,Ferrari,Marussia,5.258484187101468,4.403646167672359
2013,890,Hungarian Grand Prix,11,Red Bull,Marussia,4.866240825988176,4.049054942963518
2013,891,Belgian Grand Prix,11,Red Bull,Marussia,3.7361407056954024,2.9244465311134387
2013,892,Italian Grand Prix,11,Mercedes,Marussia,4.2423324674719565,3.227760369951892
2013,893,Singapore Grand Prix,11,Red Bull,Marussia,3.9825372556965757,3.161898797133752
2013,894,Korean Grand Prix,11,Red Bull,Marussia,3.561846518050898,2.9542316038666403
2013,895,Japanese Grand Prix,11,Red Bull,Marussia,4.3621216446234685,3.0680748940129194
2013,896,Indian Grand Prix,11,Lotus F1,Caterham,5.962659245657455,2.842185700110631
2013,897,Abu Dhabi Grand Prix,11,Ferrari,Marussia,4.046058356053135,2.8984666550650657
2013,898,United States Grand Prix,11,Red Bull,Caterham,4.082879346258612,3.5681381188912034
2013,899,Brazilian Grand Prix,11,Red Bull,Caterham,2.8554006044859217,2.4457818548173287
2014,900,Australian Grand Prix,11,Mercedes,Caterham,4.959017279785463,3.0309911546529986
2014,901,Malaysian Grand Prix,11,Mercedes,Marussia,5.028816486523199,4.575708769138222
2014,902,Bahrain Grand Prix,11,Mercedes,Marussia,4.952587095444239,4.240362811791384
2014,903,Chinese Grand Prix,11,Mercedes,Caterham,2.9093045955259855,2.6543295950279875
2014,904,Spanish Grand Prix,11,Red Bull,Caterham,4.662722958231179,3.2040756652196407
2014,905,Monaco Grand Prix,11,Ferrari,Sauber,3.398361345073204,3.3180850928273804
2014,906,Canadian Grand Prix,10,Williams,Caterham,5.892693365943137,2.0483032711708957
2014,907,Austrian Grand Prix,11,Force India,Caterham,3.5069723600676443,3.235285963793629
2014,908,British Grand Prix,11,Mercedes,Caterham,4.410554046266568,2.948258829340578
2014,909,German Grand Prix,11,Mercedes,Caterham,3.70175702057366,3.2712619512439307
2014,910,Hungarian Grand Prix,11,Mercedes,Caterham,8.357052867341702,5.314730997153656
2014,911,Belgian Grand Prix,11,Mercedes,Caterham,4.876437639691976,4.649310928323877
2014,912,Italian Grand Prix,11,Mercedes,Marussia,2.860097268305986,2.586246079723649
2014,913,Singapore Grand Prix,11,Mercedes,Caterham,4.5273825588451055,3.19787713848411
2014,914,Japanese Grand Prix,11,Mercedes,Marussia,3.9292114695340503,3.379928315412186
2014,915,Russian Grand Prix,10,Williams,Lotus F1,3.1061687281953696,3.0556216301934667
2014,916,United States Grand Prix,8,Red Bull,McLaren,2.8368794326241136,2.3959597155229386
2014,917,Brazilian Grand Prix,9,Mercedes,Sauber,1.7388348854598599,1.030521378560261
2014,918,Abu Dhabi Grand Prix,10,Red Bull,Lotus F1,3.254670035216659,2.8824069820854388
2015,926,Australian Grand Prix,8,Mercedes,McLaren,2.6312606520424433,2.1188630490956073
2015,927,Malaysian Grand Prix,10,Mercedes,Manor Marussia,6.837020634516274,3.9133075973427918
2015,928,Chinese Grand Prix,10,Mercedes,Manor Marussia,3.136740763932373,1.4871634314339386
2015,929,Bahrain Grand Prix,10,Ferrari,Manor Marussia,5.656674730819948,3.422246680026165
2015,930,Spanish Grand Prix,10,Mercedes,Manor Marussia,6.100600430497337,4.1633624107850915
2015,931,Monaco Grand Prix,10,Red Bull,Manor Marussia,4.678272677196623,3.1000602077808947
2015,932,Canadian Grand Prix,10,Ferrari,Manor Marussia,4.831984620780132,2.471845896060374
2015,933,Austrian Grand Prix,9,Mercedes,Manor Marussia,5.19969116305187,1.7982733206990946
2015,934,British Grand Prix,9,Williams,Manor Marussia,5.495290342614636,2.3527585136114273
2015,936,Hungarian Grand Prix,10,Red Bull,Manor Marussia,5.567017601773146,3.8351351669987386
2015,937,Belgian Grand Prix,10,Mercedes,Manor Marussia,5.100697409621406,2.1171363506974097
2015,938,Italian Grand Prix,9,Mercedes,Manor Marussia,5.106608824072365,3.0148144729555106
2015,939,Singapore Grand Prix,10,Red Bull,Manor Marussia,4.790032805954144,1.752982979071437
2015,940,Japanese Grand Prix,10,Mercedes,Manor Marussia,5.519787820479484,3.60809194445889
2015,941,Russian Grand Prix,10,Ferrari,Manor Marussia,4.851555395669075,2.994873639715802
2015,942,United States Grand Prix,10,Mercedes,Williams,7.514950430135299,7.457334154530825
2015,943,Mexican Grand Prix,10,Mercedes,Manor Marussia,5.56873362228487,3.0861514387551074
2015,944,Brazilian Grand Prix,10,Mercedes,Manor Marussia,5.0579965790036345,1.989790463972632
2015,945,Abu Dhabi Grand Prix,10,Mercedes,Manor Marussia,4.872891491336338,1.8628548465799821
2016,948,Australian Grand Prix,11,Red Bull,Haas F1 Team,4.342843017180354,4.250705079946515
2016,949,Bahrain Grand Prix,11,Mercedes,Williams,2.7465548993459072,2.379289176774412
2016,950,Chinese Grand Prix,11,Force India,Renault,2.4122455521718225,1.737057220708447
2016,951,Russian Grand Prix,11,Mercedes,Sauber,2.9830262175308295,2.961834218015218
2016,952,Spanish Grand Prix,10,Toro Rosso,Force India,3.281271564613332,3.2226158163500025
2016,953,Monaco Grand Prix,11,Mercedes,Renault,15.220877866023429,4.366235132603703
2016,954,Canadian Grand Prix,11,Mercedes,Manor Marussia,3.5489887432373446,3.472268151695128
2016,955,European Grand Prix,11,Mercedes,Manor Marussia,3.837160163403296,2.1777715171150867
2016,956,Austrian Grand Prix,11,Mercedes,Sauber,2.9293534665477776,2.822645480989899
2016,957,British Grand Prix,11,Mercedes,Manor Marussia,6.1037384351320805,3.309331435508854
2016,958,Hungarian Grand Prix,11,Ferrari,Manor Marussia,4.1378812314950775,3.4530486483884166
2016,959,German Grand Prix,11,Red Bull,Sauber,3.5312715127100276,3.4229111955330054
2016,960,Belgian Grand Prix,11,Mercedes,Sauber,4.094709767616931,3.7201007321903874
2016,961,Italian Grand Prix,11,McLaren,Sauber,3.763768455589407,3.7426763534098897
2016,962,Singapore Grand Prix,11,Red Bull,Manor Marussia,4.255180199091308,4.039668989709573
2016,963,Malaysian Grand Prix,11,Mercedes,Haas F1 Team,5.549448270140214,3.481498382145524
2016,964,Japanese Grand Prix,11,Ferrari,Sauber,3.5513782880211946,3.029920730040581
2016,965,United States Grand Prix,11,Ferrari,Haas F1 Team,4.463490092814161,4.245221622595793
2016,966,Mexican Grand Prix,11,Red Bull,Manor Marussia,4.720585697734612,3.123228239702221
2016,967,Brazilian Grand Prix,11,Red Bull,Haas F1 Team,2.9306605708926794,2.9201101928374658
2016,968,Abu Dhabi Grand Prix,11,Ferrari,Toro Rosso,2.7591126878693517,2.3975937298151915
2017,969,Australian Grand Prix,10,Ferrari,McLaren,3.3534401072361275,2.905082160438189
2017,970,Chinese Grand Prix,10,Mercedes,Sauber,4.564994023779069,4.317557508020718
2017,971,Bahrain Grand Prix,10,Mercedes,McLaren,3.014073579171965,2.7737666760059483
2017,972,Russian Grand Prix,10,Ferrari,Sauber,3.088472182066003,3.0420056998884806
2017,973,Spanish Grand Prix,10,Mercedes,Williams,3.444068283229457,3.323244769298865
2017,974,Monaco Grand Prix,10,Force India,Sauber,2.68511093290564,2.465918203688853
2017,975,Canadian Grand Prix,10,Mercedes,Sauber,3.278292712371397,2.9000281686362355
2017,976,Azerbaijan Grand Prix,10,Ferrari,Renault,4.925513094420975,3.556616815382682
2017,977,Austrian Grand Prix,10,Mercedes,Sauber,2.7146904807820684,1.8409458396997522
2017,978,British Grand Prix,10,Mercedes,Toro Rosso,3.2806965272949977,3.1813817989207798
2017,979,Hungarian Grand Prix,10,McLaren,Williams,3.302486842433464,2.39829388141977
2017,980,Belgian Grand Prix,10,Ferrari,Sauber,3.938936168216407,3.1245015341021047
2017,981,Italian Grand Prix,10,Red Bull,Sauber,3.8219311188685356,3.0385911877256753
2017,982,Singapore Grand Prix,9,Mercedes,Sauber,3.859705927167454,2.4540987353344508
2017,983,Malaysian Grand Prix,10,Ferrari,Toro Rosso,3.2844387755102042,2.7072704081632653
2017,984,Japanese Grand Prix,10,Mercedes,Sauber,3.527870823670875,2.355492570643305
2017,985,United States Grand Prix,10,Ferrari,Sauber,3.3498353210727654,2.7954503610662194
2017,986,Mexican Grand Prix,10,Ferrari,Sauber,3.621247699435172,3.268388652662309
2017,987,Brazilian Grand Prix,10,Red Bull,Sauber,3.6906705703507687,3.6329598558639717
2017,988,Abu Dhabi Grand Prix,10,Mercedes,Toro Rosso,3.173373075012419,2.8981619473422753
2018,989,Australian Grand Prix,10,Red Bull,Haas F1 Team,3.327709581709233,3.274186980045378
2018,990,Bahrain Grand Prix,9,Mercedes,Sauber,1.4060166417751228,1.3900149349263922
2018,991,Chinese Grand Prix,10,Red Bull,Williams,2.8344730385759775,2.715456491099859
2018,992,Azerbaijan Grand Prix,10,Mercedes,Toro Rosso,2.7446766017746245,2.187372205156492
2018,993,Spanish Grand Prix,10,Red Bull,Sauber,4.692698971201285,4.6582781963513975
2018,994,Monaco Grand Prix,10,Red Bull,Toro Rosso,3.8230541341233506,3.72609749528683
2018,995,Canadian Grand Prix,10,Red Bull,Williams,2.7889093469078308,2.5736488681901872
2018,996,French Grand Prix,10,Mercedes,Force India,4.344919076678164,4.324754576810825
2018,997,Austrian Grand Prix,10,Ferrari,Toro Rosso,3.306599758053676,3.0079005929178426
2018,998,British Grand Prix,10,Ferrari,Williams,3.4985004851371615,3.284599100291082
2018,999,German Grand Prix,10,Mercedes,Williams,4.38943675954729,3.0736647031570588
2018,1000,Hungarian Grand Prix,10,Red Bull,Sauber,4.573064040393941,3.5794630805379195
2018,1001,Belgian Grand Prix,10,Mercedes,Williams,2.659804677944414,2.5120900212633837
2018,1002,Italian Grand Prix,10,Mercedes,McLaren,2.757676036704365,2.7516152102500695
2018,1003,Singapore Grand Prix,10,Haas F1 Team,Williams,3.9222805554192632,3.4188705166576714
2018,1004,Russian Grand Prix,9,Mercedes,McLaren,3.890007406557411,3.7283149560300854
2018,1005,Japanese Grand Prix,10,Ferrari,Haas F1 Team,2.673368140557638,2.3798175870361145
2018,1006,United States Grand Prix,10,Mercedes,Williams,3.122433054049614,2.7784622966978807
2018,1007,Mexican Grand Prix,10,Mercedes,Williams,4.951677017055918,4.937707166533318
2018,1008,Brazilian Grand Prix,10,Mercedes,Toro Rosso,3.4150836404876665,2.9812872129288346
2018,1009,Abu Dhabi Grand Prix,10,Ferrari,Toro Rosso,3.094173515619578,2.9385230055419513
2019,1010,Australian Grand Prix,10,Mercedes,Williams,3.6609020799252163,3.4762795045571395
2019,1011,Bahrain Grand Prix,10,Ferrari,Williams,4.177238226761302,3.1248996370877093
2019,1012,Chinese Grand Prix,10,Red Bull,Renault,4.105887568343501,3.4124253235101643
2019,1013,Azerbaijan Grand Prix,10,Ferrari,Williams,4.118086769117261,3.648224912386296
2019,1014,Spanish Grand Prix,10,Mercedes,Williams,4.955919074555369,4.289609132140855
2019,1015,Monaco Grand Prix,10,Red Bull,Williams,3.714374183820461,3.321261729425544
2019,1016,Canadian Grand Prix,10,Mercedes,Williams,5.696652891431073,4.642984208653767
2019,1017,French Grand Prix,10,Ferrari,Williams,3.331895622169506,3.1820142333405217
2019,1018,Austrian Grand Prix,10,Red Bull,Williams,3.63245646535754,2.350500185253798
2019,1019,British Grand Prix,9,Mercedes,Williams,4.170815735558379,3.050280992113908
2019,1020,German Grand Prix,10,Red Bull,Renault,16.871289712310002,3.4640224411246656
2019,1021,Hungarian Grand Prix,10,Red Bull,Williams,6.851873467958445,5.064653774820695
2019,1022,Belgian Grand Prix,10,Ferrari,Williams,2.303376594085087,2.1313986598877914
2019,1023,Italian Grand Prix,10,Mercedes,Williams,3.7454603260005626,3.257560009293339
2019,1024,Singapore Grand Prix,10,Haas F1 Team,Williams,4.390963920196284,3.386086157515567
2019,1025,Russian Grand Prix,10,Mercedes,Williams,6.207119808690385,2.953185534821065
2019,1026,Japanese Grand Prix,10,Mercedes,Williams,4.918501258476859,2.8356945803062112
2019,1027,Mexican Grand Prix,10,Ferrari,Haas F1 Team,2.964711227786753,1.8477382875605817
2019,1028,United States Grand Prix,10,Ferrari,Williams,5.271969137663904,4.3444353169940415
2019,1029,Brazilian Grand Prix,10,Mercedes,Williams,4.3197827378426545,3.6266938244363347
2019,1030,Abu Dhabi Grand Prix,10,Mercedes,Haas F1 Team,4.414653062457822,3.886868849652005
2020,1031,Austrian Grand Prix,10,McLaren,Haas F1 Team,4.080029640607632,2.7298999629492404
2020,1032,Styrian Grand Prix,9,McLaren,Williams,4.544415489416175,4.210670689891647
2020,1033,Hungarian Grand Prix,10,Mercedes,AlphaTauri,5.636394482362614,5.024338679577695
2020,1034,British Grand Prix,10,Red Bull,Williams,3.9082861637025386,3.878434389244176
2020,1035,70th Anniversary Grand Prix,10,Mercedes,Alfa Romeo,3.7365320912143445,2.6477936936835085
2020,1036,Spanish Grand Prix,10,Mercedes,Ferrari,5.786424158704578,5.311896448076948
2020,1037,Belgian Grand Prix,10,Renault,Alfa Romeo,2.1761580901165765,0.9945758864192477
2020,1038,Italian Grand Prix,10,Mercedes,Ferrari,3.963937833852996,2.58864476832717
2020,1039,Tuscan Grand Prix,10,Mercedes,Haas F1 Team,4.350969771542374,3.5670341100808036
2020,1040,Russian Grand Prix,10,Mercedes,Haas F1 Team,2.6630938884880964,2.084922189013707
2020,1041,Eifel Grand Prix,10,Red Bull,Williams,3.673742611102917,2.692338238464244
2020,1042,Portuguese Grand Prix,10,Mercedes,Haas F1 Team,3.4412698412698415,2.930793650793651
2020,1043,Emilia Romagna Grand Prix,10,Mercedes,Haas F1 Team,4.422129192941551,4.285676434741137
2020,1044,Turkish Grand Prix,10,McLaren,Haas F1 Team,4.2786604136107265,4.140239241369336
2020,1045,Bahrain Grand Prix,10,Red Bull,Haas F1 Team,3.507075010324516,2.800660769013411
2020,1046,Sakhir Grand Prix,10,Mercedes,Haas F1 Team,3.8119991336365606,3.5881885784419896
2020,1047,Abu Dhabi Grand Prix,10,Renault,Williams,1.5565860135148524,1.5337970394150169
2021,1051,Qatar Grand Prix,10,Red Bull,Haas F1 Team,4.981008702341459,4.59517284484831
2021,1052,Bahrain Grand Prix,10,Mercedes,Haas F1 Team,4.391356281898143,3.4314257791291127
2021,1053,Emilia Romagna Grand Prix,10,Mercedes,Williams,12.830173919845636,3.5461917551041693
2021,1054,Portuguese Grand Prix,10,Red Bull,Haas F1 Team,3.639369309571817,3.51288056206089
2021,1055,Spanish Grand Prix,10,Red Bull,Williams,6.085810439033129,5.954010927842966
2021,1056,Monaco Grand Prix,10,Mercedes,Haas F1 Team,4.822449903304119,3.607236418000521
2021,1057,Azerbaijan Grand Prix,10,Red Bull,Haas F1 Team,3.008202448292034,1.4146112690345614
2021,1058,Styrian Grand Prix,10,Mercedes,Williams,4.542336484834024,4.394703092845
2021,1059,French Grand Prix,10,Red Bull,Haas F1 Team,2.5341272146383966,1.9802082901124434
2021,1060,Austrian Grand Prix,10,Red Bull,Haas F1 Team,4.824773413897281,4.039274924471299
2021,1061,British Grand Prix,10,Red Bull,Haas F1 Team,4.790277260570771,3.8728460679102206
2021,1062,Hungarian Grand Prix,10,AlphaTauri,McLaren,5.622879301987397,5.506798989718601
2021,1064,Dutch Grand Prix,10,Mercedes,Haas F1 Team,6.793535592219081,6.3729833888912335
2021,1065,Italian Grand Prix,9,McLaren,Haas F1 Team,2.2343536292034147,1.2274206480215064
2021,1066,Russian Grand Prix,10,McLaren,Haas F1 Team,2.928466583866233,2.645165925910719
2021,1067,Turkish Grand Prix,10,Mercedes,Haas F1 Team,4.17661889596603,3.2809182590233545
2021,1069,United States Grand Prix,10,Mercedes,Haas F1 Team,2.9547646849774076,2.7070112199827383
2021,1070,Mexico City Grand Prix,10,Mercedes,Williams,4.849949854707229,4.664798004474503
2021,1071,São Paulo Grand Prix,10,Red Bull,Williams,4.7106041402619345,4.1008308688917054
2021,1072,Saudi Arabian Grand Prix,9,Mercedes,Aston Martin,2.281393964776159,2.2527387748804197
2021,1073,Abu Dhabi Grand Prix,10,Red Bull,Haas F1 Team,3.895334657329013,3.877913661544894
2022,1074,Bahrain Grand Prix,10,Ferrari,Williams,2.9449085333615312,2.7239082161361954
2022,1075,Saudi Arabian Grand Prix,10,Ferrari,Williams,2.983608704192767,2.4990723967086454
2022,1076,Australian Grand Prix,10,Ferrari,Aston Martin,4.151507600299028,3.421380513331672
2022,1077,Emilia Romagna Grand Prix,10,Red Bull,Alpine F1 Team,4.3864569257833415,3.6866124467786756
2022,1078,Miami Grand Prix,10,Red Bull,Williams,2.283249964426834,2.1354845065180985
2022,1079,Spanish Grand Prix,10,Red Bull,Haas F1 Team,3.969895848195178,3.730917391924668
2022,1080,Monaco Grand Prix,10,McLaren,Haas F1 Team,13.501934585570268,4.458249099647892
2022,1081,Azerbaijan Grand Prix,10,Red Bull,Haas F1 Team,2.229221281330743,2.0113912830281198
2022,1082,Canadian Grand Prix,10,Ferrari,Haas F1 Team,3.032383265785687,2.9069690688985994
2022,1083,British Grand Prix,9,Mercedes,AlphaTauri,3.6703126726328583,3.067064412772069
2022,1084,Austrian Grand Prix,10,Red Bull,AlphaTauri,4.084726867335563,4.050538833147529
2022,1085,French Grand Prix,10,Ferrari,Williams,3.5685574383228404,3.4317870976498472
2022,1086,Hungarian Grand Prix,10,Mercedes,Alpine F1 Team,3.186051655075812,2.2276558621876
2022,1087,Belgian Grand Prix,10,Red Bull,Aston Martin,2.8906121403880976,2.8183696984106663
2022,1088,Dutch Grand Prix,10,Red Bull,Alfa Romeo,3.106500841796557,2.5552598707434964
2022,1089,Italian Grand Prix,10,Red Bull,Aston Martin,4.090205878852791,3.1988575508746875
2022,1091,Singapore Grand Prix,10,Mercedes,Williams,14.71284450205715,13.15542279584437
2022,1092,Japanese Grand Prix,10,Alfa Romeo,Williams,3.7927038338872343,3.2870099893689364
2022,1093,United States Grand Prix,10,Mercedes,Williams,3.728185609588209,3.6502409199497916
2022,1094,Mexico City Grand Prix,10,Mercedes,Haas F1 Team,3.9262410639651666,3.4446620837647997
2022,1095,São Paulo Grand Prix,10,Mercedes,McLaren,2.8054482618418377,2.3392288405502475
2022,1096,Abu Dhabi Grand Prix,10,McLaren,Williams,1.7513095224626942,1.6313878109762305
2023,1098,Bahrain Grand Prix,10,Alfa Romeo,Ferrari,3.334184433380144,2.809694029533172
2023,1099,Saudi Arabian Grand Prix,10,Red Bull,Williams,2.788718908449938,2.4111592279067744
2023,1100,Australian Grand Prix,10,Red Bull,Alfa Romeo,1.9742007851934942,1.521779771919985
2023,1101,Azerbaijan Grand Prix,10,Mercedes,Alfa Romeo,2.8383476830801975,2.471703589049047
2023,1102,Miami Grand Prix,10,Red Bull,McLaren,2.561644446426183,2.3899763677709904
2023,1104,Monaco Grand Prix,10,Mercedes,AlphaTauri,2.5261070720423002,2.46265697290152
2023,1105,Spanish Grand Prix,10,Red Bull,Williams,3.6722127603825494,2.9660683872658193
2023,1106,Canadian Grand Prix,10,Red Bull,Williams,3.2706327788295,2.920207838240625
2023,1107,Austrian Grand Prix,10,Red Bull,Haas F1 Team,4.72154241031457,4.139557094251776
2023,1108,British Grand Prix,10,Red Bull,AlphaTauri,2.0038770423705343,1.6626973137635004
2023,1109,Hungarian Grand Prix,9,Red Bull,Alfa Romeo,3.9091225280731394,3.812232932525092
2023,1110,Belgian Grand Prix,10,Mercedes,McLaren,4.0790270723638224,3.4378640324309213
2023,1111,Dutch Grand Prix,10,Aston Martin,Ferrari,1.4857049988488156,1.3313108604087383
2023,1112,Italian Grand Prix,10,McLaren,Williams,1.5481004325747603,1.214265563287568
2023,1113,Singapore Grand Prix,10,Mercedes,AlphaTauri,3.2972764350610744,2.513899464883641
2023,1114,Japanese Grand Prix,10,Red Bull,Williams,4.9531231750952935,3.830839960502426
2023,1115,Qatar Grand Prix,10,Red Bull,AlphaTauri,3.313606660420546,2.783477033646035
2023,1116,United States Grand Prix,10,AlphaTauri,Alfa Romeo,3.810921244357493,3.157766025739003
2023,1117,Mexico City Grand Prix,10,Mercedes,Aston Martin,2.3643248825829297,2.2524405537659526
2023,1118,São Paulo Grand Prix,10,McLaren,Williams,4.486383577518417,4.476726540297436
2023,1119,Las Vegas Grand Prix,10,McLaren,Haas F1 Team,2.0578071002199185,1.9740286941040948
2023,1120,Abu Dhabi Grand Prix,10,Red Bull,Haas F1 Team,2.556527536698355,2.3254744634625775
2024,1121,Bahrain Grand Prix,10,Red Bull,Sauber,3.0774879060124394,2.7589409122322044
2024,1122,Saudi Arabian Grand Prix,10,Ferrari,Alpine F1 Team,2.0178540247948313,1.8454251789767766
2024,1123,Australian Grand Prix,10,Ferrari,Williams,2.2615363411975493,1.8969340834199941
2024,1124,Japanese Grand Prix,10,Red Bull,Sauber,3.0969201545258573,2.8130535931530534
2024,1125,Chinese Grand Prix,10,Aston Martin,RB F1 Team,3.2552908700541865,3.072282997648502
2024,1126,Miami Grand Prix,10,McLaren,Alpine F1 Team,1.5479842001897743,1.4972306198556833
2024,1127,Emilia Romagna Grand Prix,10,Mercedes,Alpine F1 Team,3.4546819529450685,3.359248749825039
2024,1128,Monaco Grand Prix,9,Mercedes,Aston Martin,3.431537787366008,2.1263399177509608
2024,1129,Canadian Grand Prix,10,Mercedes,Williams,6.0155498557229885,5.4785187560115425
2024,1130,Spanish Grand Prix,10,McLaren,RB F1 Team,3.0240549828178693,2.6155741425144265
2024,1131,Austrian Grand Prix,10,Aston Martin,Sauber,4.069784619020888,3.9442195763287735
2024,1132,British Grand Prix,10,Ferrari,Sauber,3.081784512928545,2.9243541390597216
2024,1133,Hungarian Grand Prix,10,Mercedes,Haas F1 Team,3.9300168109084117,3.096942905174024
2024,1134,Belgian Grand Prix,10,Red Bull,Aston Martin,3.19958739649096,3.0057019512707615
2024,1135,Dutch Grand Prix,10,McLaren,Sauber,2.5834157443407344,1.9033555955945107
2024,1136,Italian Grand Prix,10,McLaren,RB F1 Team,3.422487474211612,2.8526869044110423
2024,1137,Azerbaijan Grand Prix,10,McLaren,RB F1 Team,2.968980095957437,2.625053441641727
2024,1138,Singapore Grand Prix,10,RB F1 Team,Aston Martin,3.4449548081197214,3.1486146095717884
2024,1139,United States Grand Prix,10,Alpine F1 Team,Sauber,1.9952738107469434,1.9356827288605774
2024,1140,Mexico City Grand Prix,10,Ferrari,Aston Martin,3.7977430555555554,3.5092422385620914
2024,1141,São Paulo Grand Prix,10,Red Bull,Williams,4.751963415846506,2.9886171587632964
2024,1142,Las Vegas Grand Prix,10,McLaren,RB F1 Team,2.1933892659892913,2.098528605759096
2024,1143,Qatar Grand Prix,10,McLaren,RB F1 Team,4.481452709263935,3.8539036706156535
2024,1144,Abu Dhabi Grand Prix,10,Haas F1 Team,Williams,4.406973621215129,4.068334948678725
