year,median_gap,spread,n_races,error
1996,4.979858716971114,3.7296347114025084,16,1.1683080733468356
1997,3.863878947698876,0.8815057760803872,17,0.2678870826316175
1998,4.954065470440127,1.3488567156735305,16,0.4225293661847334
1999,4.284518353722694,0.7289421696031562,16,0.22834113462818864
2000,3.073639769419024,0.6547574039800022,17,0.1989789012654851
2001,4.578950496226303,1.1504866151305981,17,0.3496295898416832
2002,4.2004015379164645,0.8826935018099369,17,0.2682480290817591
2003,4.656113489014084,1.2246918627750663,16,0.3836347260142895
2004,6.130325769817217,1.217047602346556,18,0.35943667121517875
2005,5.4668033908346025,1.3617377804223951,18,0.4021687351581485
2006,4.883430714742446,1.4555563068234343,18,0.4298766232989943
2007,3.056361877116594,0.7043315086430892,17,0.21404432979996335
2008,2.584164200511789,1.3804671549832013,18,0.40770017372562817
2009,1.7587461398536317,0.6009633156049495,17,0.18263103175781428
2010,6.643015404093691,1.4938079244227291,19,0.42940691067760556
2011,6.13121178700303,1.0723305876942335,19,0.3082499144358373
2012,4.459716344886446,1.0109535823830007,20,0.28324828481785697
2013,4.082879346258612,0.897805404048738,19,0.2580812691104251
2014,3.9292114695340503,1.44661394763195,19,0.4158406285304878
2015,5.106608824072365,1.0855805102545395,19,0.31205870954283693
2016,3.763768455589407,2.6590867027315106,21,0.7270661436514886
2017,3.3516377141544464,0.546101420901566,20,0.15300632343806428
2018,3.327709581709233,0.8593137689120638,21,0.23495960004152022
2019,4.177238226761302,2.928488195722823,21,0.8007277901115079
2020,3.9082861637025386,1.0622597772979374,17,0.32281770631450263
2021,4.542336484834024,2.2480358605291952,21,0.6146737382523968
2022,3.619435055477849,3.2506275552976063,22,0.8683742626136044
2023,3.0544902309548485,0.9945462601492738,22,0.26568358281611093
2024,3.227439133272573,0.9996198536921421,24,0.25567032488429653
